date,location_key,new_confirmed,new_deceased,new_recovered,new_tested,cumulative_confirmed,cumulative_deceased,cumulative_recovered,cumulative_tested
2020-01-22,US_MN,0.0,0.0,,,0.0,0.0,,
2020-01-23,US_MN,0.0,0.0,,,0.0,0.0,,
2020-01-24,US_MN,0.0,0.0,,,0.0,0.0,,
2020-01-25,US_MN,0.0,0.0,,,0.0,0.0,,
2020-01-26,US_MN,0.0,0.0,,,0.0,0.0,,
2020-01-27,US_MN,0.0,0.0,,,0.0,0.0,,
2020-01-28,US_MN,0.0,0.0,,,0.0,0.0,,
2020-01-29,US_MN,0.0,0.0,,,0.0,0.0,,
2020-01-30,US_MN,0.0,0.0,,,0.0,0.0,,
2020-01-31,US_MN,0.0,0.0,,,0.0,0.0,,
2020-02-01,US_MN,0.0,0.0,,,0.0,0.0,,
2020-02-02,US_MN,0.0,0.0,,,0.0,0.0,,
2020-02-03,US_MN,0.0,0.0,,,0.0,0.0,,
2020-02-04,US_MN,0.0,0.0,,,0.0,0.0,,
2020-02-05,US_MN,0.0,0.0,,,0.0,0.0,,
2020-02-06,US_MN,0.0,0.0,,,0.0,0.0,,
2020-02-07,US_MN,0.0,0.0,,,0.0,0.0,,
2020-02-08,US_MN,0.0,0.0,,,0.0,0.0,,
2020-02-09,US_MN,0.0,0.0,,,0.0,0.0,,
2020-02-10,US_MN,0.0,0.0,,,0.0,0.0,,
2020-02-11,US_MN,0.0,0.0,,,0.0,0.0,,
2020-02-12,US_MN,0.0,0.0,,,0.0,0.0,,
2020-02-13,US_MN,0.0,0.0,,,0.0,0.0,,
2020-02-14,US_MN,0.0,0.0,,,0.0,0.0,,
2020-02-15,US_MN,0.0,0.0,,,0.0,0.0,,
2020-02-16,US_MN,0.0,0.0,,,0.0,0.0,,
2020-02-17,US_MN,0.0,0.0,,,0.0,0.0,,
2020-02-18,US_MN,0.0,0.0,,,0.0,0.0,,
2020-02-19,US_MN,0.0,0.0,,,0.0,0.0,,
2020-02-20,US_MN,0.0,0.0,,,0.0,0.0,,
2020-02-21,US_MN,0.0,0.0,,,0.0,0.0,,
2020-02-22,US_MN,0.0,0.0,,,0.0,0.0,,
2020-02-23,US_MN,0.0,0.0,,,0.0,0.0,,
2020-02-24,US_MN,0.0,0.0,,,0.0,0.0,,
2020-02-25,US_MN,0.0,0.0,,,0.0,0.0,,
2020-02-26,US_MN,0.0,0.0,,,0.0,0.0,,
2020-02-27,US_MN,0.0,0.0,,,0.0,0.0,,
2020-02-28,US_MN,0.0,0.0,,,0.0,0.0,,
2020-02-29,US_MN,0.0,0.0,,,0.0,0.0,,
2020-03-01,US_MN,0.0,0.0,,,0.0,0.0,,
2020-03-02,US_MN,0.0,0.0,,,0.0,0.0,,
2020-03-03,US_MN,0.0,0.0,,,0.0,0.0,,
2020-03-04,US_MN,0.0,0.0,,,0.0,0.0,,
2020-03-05,US_MN,0.0,0.0,,,0.0,0.0,,
2020-03-06,US_MN,0.0,0.0,,0.0,1.0,0.0,,37.0
2020-03-07,US_MN,1.0,0.0,,13.0,2.0,0.0,,50.0
2020-03-08,US_MN,0.0,0.0,,0.0,2.0,0.0,,50.0
2020-03-09,US_MN,3.0,0.0,,35.0,5.0,0.0,,85.0
2020-03-10,US_MN,6.0,0.0,,58.0,11.0,0.0,,143.0
2020-03-11,US_MN,10.0,0.0,,95.0,21.0,0.0,,238.0
2020-03-12,US_MN,22.0,0.0,,112.0,43.0,0.0,,350.0
2020-03-13,US_MN,19.0,0.0,,253.0,62.0,0.0,,603.0
2020-03-14,US_MN,28.0,0.0,,334.0,90.0,0.0,,937.0
2020-03-15,US_MN,38.0,0.0,,578.0,128.0,0.0,,1515.0
2020-03-16,US_MN,51.0,0.0,,503.0,179.0,0.0,,2018.0
2020-03-17,US_MN,67.0,0.0,,504.0,246.0,0.0,,2522.0
2020-03-18,US_MN,23.0,0.0,,432.0,269.0,0.0,,2954.0
2020-03-19,US_MN,18.0,0.0,,282.0,287.0,0.0,,3236.0
2020-03-20,US_MN,16.0,0.0,,808.0,303.0,0.0,,4044.0
2020-03-21,US_MN,24.0,1.0,,235.0,327.0,1.0,,4279.0
2020-03-22,US_MN,22.0,0.0,,581.0,349.0,1.0,,4860.0
2020-03-23,US_MN,44.0,0.0,,44.0,393.0,1.0,,4904.0
2020-03-24,US_MN,51.0,0.0,,1090.0,444.0,1.0,,5994.0
2020-03-25,US_MN,58.0,0.0,,5696.0,502.0,1.0,121.0,11690.0
2020-03-26,US_MN,63.0,1.0,,1479.0,565.0,2.0,,13169.0
2020-03-27,US_MN,75.0,2.0,55.0,1076.0,640.0,4.0,176.0,14245.0
2020-03-28,US_MN,47.0,1.0,39.0,3837.0,687.0,5.0,215.0,18082.0
2020-03-29,US_MN,38.0,4.0,28.0,1209.0,725.0,9.0,243.0,19291.0
2020-03-30,US_MN,98.0,1.0,0.0,1044.0,823.0,10.0,,20335.0
2020-03-31,US_MN,93.0,2.0,0.0,1516.0,916.0,12.0,,21851.0
2020-04-01,US_MN,57.0,5.0,0.0,1002.0,973.0,17.0,,22853.0
2020-04-02,US_MN,83.0,1.0,0.0,1983.0,1056.0,18.0,,24836.0
2020-04-03,US_MN,63.0,4.0,0.0,1346.0,1119.0,22.0,,26182.0
2020-04-04,US_MN,39.0,2.0,173.0,1663.0,1158.0,24.0,416.0,27845.0
2020-04-05,US_MN,59.0,5.0,6.0,1462.0,1217.0,29.0,422.0,29307.0
2020-04-06,US_MN,113.0,1.0,18.0,1178.0,1330.0,30.0,440.0,30485.0
2020-04-07,US_MN,102.0,4.0,75.0,1550.0,1432.0,34.0,515.0,32035.0
2020-04-08,US_MN,102.0,5.0,78.0,1453.0,1534.0,39.0,593.0,33488.0
2020-04-09,US_MN,103.0,11.0,32.0,1831.0,1637.0,50.0,625.0,35319.0
2020-04-10,US_MN,95.0,7.0,50.0,1759.0,1732.0,57.0,675.0,37078.0
2020-04-11,US_MN,74.0,7.0,54.0,1626.0,1806.0,64.0,729.0,38704.0
2020-04-12,US_MN,58.0,6.0,43.0,1190.0,1864.0,70.0,772.0,39894.0
2020-04-13,US_MN,148.0,0.0,0.0,785.0,2012.0,70.0,772.0,40679.0
2020-04-14,US_MN,153.0,9.0,58.0,1191.0,2165.0,79.0,830.0,41870.0
2020-04-15,US_MN,156.0,8.0,23.0,1696.0,2321.0,87.0,853.0,43566.0
2020-04-16,US_MN,165.0,7.0,73.0,1456.0,2486.0,94.0,926.0,45022.0
2020-04-17,US_MN,182.0,17.0,29.0,1466.0,2668.0,111.0,955.0,46488.0
2020-04-18,US_MN,120.0,10.0,42.0,1482.0,2788.0,121.0,997.0,47970.0
2020-04-19,US_MN,126.0,13.0,29.0,1232.0,2914.0,134.0,1026.0,49202.0
2020-04-20,US_MN,276.0,9.0,33.0,842.0,3190.0,143.0,1059.0,50044.0
2020-04-21,US_MN,262.0,17.0,35.0,1749.0,3452.0,160.0,1094.0,51793.0
2020-04-22,US_MN,306.0,19.0,44.0,2130.0,3758.0,179.0,1138.0,53923.0
2020-04-23,US_MN,512.0,21.0,198.0,2491.0,4270.0,200.0,1336.0,56414.0
2020-04-24,US_MN,518.0,21.0,37.0,3080.0,4788.0,221.0,1373.0,59494.0
2020-04-25,US_MN,339.0,23.0,37.0,2615.0,5127.0,244.0,1410.0,62109.0
2020-04-26,US_MN,385.0,28.0,92.0,2564.0,5512.0,272.0,1502.0,64673.0
2020-04-27,US_MN,675.0,14.0,54.0,2017.0,6187.0,286.0,1556.0,66690.0
2020-04-28,US_MN,601.0,15.0,55.0,3346.0,6788.0,301.0,1611.0,70036.0
2020-04-29,US_MN,680.0,18.0,113.0,7082.0,7468.0,319.0,1724.0,77118.0
2020-04-30,US_MN,648.0,24.0,105.0,4347.0,8116.0,343.0,1829.0,81465.0
2020-05-01,US_MN,620.0,28.0,82.0,4485.0,8736.0,371.0,1911.0,85950.0
2020-05-02,US_MN,335.0,24.0,91.0,3730.0,9071.0,395.0,2002.0,89680.0
2020-05-03,US_MN,340.0,24.0,594.0,3164.0,9411.0,419.0,2596.0,92844.0
2020-05-04,US_MN,824.0,9.0,1188.0,4068.0,10235.0,428.0,3784.0,96912.0
2020-05-05,US_MN,641.0,27.0,375.0,3166.0,10876.0,455.0,4159.0,100078.0
2020-05-06,US_MN,634.0,30.0,361.0,4479.0,11510.0,485.0,4520.0,104557.0
2020-05-07,US_MN,818.0,23.0,280.0,5015.0,12328.0,508.0,4800.0,109572.0
2020-05-08,US_MN,712.0,26.0,363.0,4876.0,13040.0,534.0,5163.0,114448.0
2020-05-09,US_MN,281.0,24.0,601.0,4913.0,13321.0,558.0,5764.0,119361.0
2020-05-10,US_MN,231.0,20.0,540.0,5300.0,13552.0,578.0,6304.0,124661.0
2020-05-11,US_MN,827.0,13.0,641.0,5303.0,14379.0,591.0,6945.0,129964.0
2020-05-12,US_MN,664.0,23.0,664.0,4013.0,15043.0,614.0,7609.0,133977.0
2020-05-13,US_MN,729.0,24.0,540.0,7297.0,15772.0,638.0,8149.0,141274.0
2020-05-14,US_MN,793.0,25.0,324.0,6734.0,16565.0,663.0,8473.0,148008.0
2020-05-15,US_MN,798.0,29.0,347.0,9128.0,17363.0,692.0,8820.0,157136.0
2020-05-16,US_MN,342.0,17.0,751.0,7968.0,17705.0,709.0,9571.0,165104.0
2020-05-17,US_MN,311.0,22.0,604.0,5973.0,18016.0,731.0,10175.0,171077.0
2020-05-18,US_MN,971.0,9.0,589.0,6397.0,18987.0,740.0,10764.0,177474.0
2020-05-19,US_MN,855.0,17.0,776.0,6377.0,19842.0,757.0,11540.0,183851.0
2020-05-20,US_MN,767.0,29.0,687.0,6957.0,20609.0,786.0,12227.0,190808.0
2020-05-21,US_MN,973.0,32.0,261.0,8280.0,21582.0,818.0,12488.0,199088.0
2020-05-22,US_MN,792.0,33.0,208.0,9722.0,22374.0,851.0,12696.0,208810.0
2020-05-23,US_MN,391.0,10.0,789.0,8896.0,22765.0,861.0,13485.0,217706.0
2020-05-24,US_MN,356.0,17.0,630.0,6981.0,23121.0,878.0,14115.0,224687.0
2020-05-25,US_MN,403.0,12.0,701.0,6653.0,23524.0,890.0,14816.0,231340.0
2020-05-26,US_MN,784.0,18.0,707.0,6942.0,24308.0,908.0,15523.0,238282.0
2020-05-27,US_MN,680.0,34.0,791.0,9527.0,24988.0,942.0,16314.0,247809.0
2020-05-28,US_MN,571.0,35.0,341.0,9945.0,25559.0,977.0,16655.0,257754.0
2020-05-29,US_MN,454.0,29.0,275.0,10383.0,26013.0,1006.0,16930.0,268137.0
2020-05-30,US_MN,168.0,30.0,934.0,8436.0,26181.0,1036.0,17864.0,276573.0
2020-05-31,US_MN,141.0,14.0,831.0,6882.0,26322.0,1050.0,18695.0,283455.0
2020-06-01,US_MN,575.0,10.0,746.0,4181.0,26897.0,1060.0,19441.0,287636.0
2020-06-02,US_MN,479.0,22.0,940.0,7671.0,27376.0,1082.0,20381.0,295307.0
2020-06-03,US_MN,513.0,15.0,788.0,15901.0,27889.0,1097.0,21169.0,311208.0
2020-06-04,US_MN,401.0,29.0,321.0,10940.0,28290.0,1126.0,21490.0,322148.0
2020-06-05,US_MN,398.0,33.0,374.0,11037.0,28688.0,1159.0,21864.0,333185.0
2020-06-06,US_MN,165.0,22.0,389.0,10412.0,28853.0,1181.0,22253.0,343597.0
2020-06-07,US_MN,135.0,16.0,739.0,9544.0,28988.0,1197.0,22992.0,353141.0
2020-06-08,US_MN,448.0,11.0,665.0,7771.0,29436.0,1208.0,23657.0,360912.0
2020-06-09,US_MN,430.0,20.0,564.0,8881.0,29866.0,1228.0,24221.0,369793.0
2020-06-10,US_MN,333.0,39.0,454.0,12040.0,30199.0,1267.0,24675.0,381833.0
2020-06-11,US_MN,219.0,13.0,195.0,13401.0,30418.0,1280.0,24870.0,395234.0
2020-06-12,US_MN,45.0,25.0,158.0,12818.0,30463.0,1305.0,25028.0,408052.0
2020-06-13,US_MN,2.0,9.0,592.0,9658.0,30465.0,1314.0,25620.0,417710.0
2020-06-14,US_MN,6.0,15.0,470.0,0.0,30471.0,1329.0,26090.0,417710.0
2020-06-15,US_MN,222.0,6.0,519.0,5212.0,30693.0,1335.0,26609.0,422922.0
2020-06-16,US_MN,189.0,9.0,397.0,6223.0,30882.0,1344.0,27006.0,429145.0
2020-06-17,US_MN,414.0,13.0,398.0,19442.0,31296.0,1357.0,27404.0,448587.0
2020-06-18,US_MN,379.0,19.0,162.0,12292.0,31675.0,1376.0,27566.0,460879.0
2020-06-19,US_MN,356.0,17.0,143.0,14273.0,32031.0,1393.0,27709.0,475152.0
2020-06-20,US_MN,436.0,11.0,496.0,16891.0,32467.0,1404.0,28205.0,492043.0
2020-06-21,US_MN,453.0,8.0,458.0,12320.0,32920.0,1412.0,28663.0,504363.0
2020-06-22,US_MN,307.0,4.0,402.0,8774.0,33227.0,1416.0,29065.0,513137.0
2020-06-23,US_MN,242.0,9.0,334.0,6908.0,33469.0,1425.0,29399.0,520045.0
2020-06-24,US_MN,294.0,7.0,308.0,9598.0,33763.0,1432.0,29707.0,529643.0
2020-06-25,US_MN,360.0,9.0,147.0,13053.0,34123.0,1441.0,29854.0,542696.0
2020-06-26,US_MN,493.0,5.0,154.0,14582.0,34616.0,1446.0,30008.0,557278.0
2020-06-27,US_MN,417.0,6.0,393.0,11629.0,35033.0,1452.0,30401.0,568907.0
2020-06-28,US_MN,516.0,8.0,408.0,16510.0,35549.0,1460.0,30809.0,585417.0
2020-06-29,US_MN,312.0,10.0,416.0,7538.0,35861.0,1470.0,31225.0,592955.0
2020-06-30,US_MN,442.0,6.0,376.0,12361.0,36303.0,1476.0,31601.0,605316.0
2020-07-01,US_MN,413.0,6.0,346.0,11791.0,36716.0,1482.0,31947.0,617107.0
2020-07-02,US_MN,494.0,13.0,216.0,13320.0,37210.0,1495.0,32163.0,630427.0
2020-07-03,US_MN,414.0,8.0,184.0,14745.0,37624.0,1503.0,32347.0,645172.0
2020-07-04,US_MN,0.0,0.0,0.0,0.0,37624.0,1503.0,32347.0,645172.0
2020-07-05,US_MN,512.0,5.0,1061.0,28843.0,38136.0,1508.0,33408.0,674015.0
2020-07-06,US_MN,433.0,3.0,499.0,5678.0,38569.0,1511.0,33907.0,679693.0
2020-07-07,US_MN,564.0,3.0,470.0,5554.0,39133.0,1514.0,34377.0,685247.0
2020-07-08,US_MN,456.0,9.0,525.0,7723.0,39589.0,1523.0,34902.0,692970.0
2020-07-09,US_MN,574.0,5.0,291.0,12470.0,40163.0,1528.0,35193.0,705440.0
2020-07-10,US_MN,604.0,5.0,249.0,20385.0,40767.0,1533.0,35442.0,725825.0
2020-07-11,US_MN,804.0,4.0,570.0,16270.0,41571.0,1537.0,36012.0,742095.0
2020-07-12,US_MN,710.0,3.0,570.0,12957.0,42281.0,1540.0,36582.0,755052.0
2020-07-13,US_MN,491.0,2.0,617.0,13937.0,42772.0,1542.0,37199.0,768989.0
2020-07-14,US_MN,398.0,6.0,550.0,8625.0,43170.0,1548.0,37749.0,777614.0
2020-07-15,US_MN,572.0,10.0,430.0,12883.0,43742.0,1558.0,38179.0,790497.0
2020-07-16,US_MN,605.0,8.0,111.0,14715.0,44347.0,1566.0,38290.0,805212.0
2020-07-17,US_MN,666.0,7.0,278.0,14299.0,45013.0,1573.0,38568.0,819511.0
2020-07-18,US_MN,457.0,5.0,742.0,16451.0,45470.0,1578.0,39310.0,835962.0
2020-07-19,US_MN,734.0,3.0,691.0,17226.0,46204.0,1581.0,40001.0,853188.0
2020-07-20,US_MN,903.0,4.0,741.0,14222.0,47107.0,1585.0,40742.0,867410.0
2020-07-21,US_MN,350.0,3.0,769.0,9449.0,47457.0,1588.0,41511.0,876859.0
2020-07-22,US_MN,504.0,4.0,723.0,11692.0,47961.0,1592.0,42234.0,888551.0
2020-07-23,US_MN,760.0,9.0,290.0,16764.0,48721.0,1601.0,42524.0,905315.0
2020-07-24,US_MN,767.0,5.0,358.0,17561.0,49488.0,1606.0,42882.0,922876.0
2020-07-25,US_MN,803.0,5.0,743.0,17820.0,50291.0,1611.0,43625.0,940696.0
2020-07-26,US_MN,862.0,3.0,806.0,16678.0,51153.0,1614.0,44431.0,957374.0
2020-07-27,US_MN,650.0,2.0,767.0,13352.0,51803.0,1616.0,45198.0,970726.0
2020-07-28,US_MN,478.0,4.0,789.0,9262.0,52281.0,1620.0,45987.0,979988.0
2020-07-29,US_MN,666.0,9.0,649.0,13103.0,52947.0,1629.0,46636.0,993091.0
2020-07-30,US_MN,745.0,5.0,329.0,14791.0,53692.0,1634.0,46965.0,1007882.0
2020-07-31,US_MN,771.0,6.0,324.0,17034.0,54463.0,1640.0,47289.0,1024916.0
2020-08-01,US_MN,725.0,6.0,830.0,15401.0,55188.0,1646.0,48119.0,1040317.0
2020-08-02,US_MN,759.0,8.0,728.0,14645.0,55947.0,1654.0,48847.0,1054962.0
2020-08-03,US_MN,613.0,2.0,718.0,15963.0,56560.0,1656.0,49565.0,1070925.0
2020-08-04,US_MN,602.0,4.0,861.0,7770.0,57162.0,1660.0,50426.0,1078695.0
2020-08-05,US_MN,617.0,10.0,797.0,11608.0,57779.0,1670.0,51223.0,1090303.0
2020-08-06,US_MN,861.0,7.0,381.0,14791.0,58640.0,1677.0,51604.0,1105094.0
2020-08-07,US_MN,545.0,4.0,336.0,16205.0,59185.0,1681.0,51940.0,1121299.0
2020-08-08,US_MN,916.0,8.0,828.0,17296.0,60101.0,1689.0,52768.0,1138595.0
2020-08-09,US_MN,797.0,9.0,800.0,20544.0,60898.0,1698.0,53568.0,1159139.0
2020-08-10,US_MN,618.0,3.0,796.0,12979.0,61516.0,1701.0,54364.0,1172118.0
2020-08-11,US_MN,323.0,6.0,787.0,5817.0,61839.0,1707.0,55151.0,1177935.0
2020-08-12,US_MN,464.0,17.0,704.0,10353.0,62303.0,1724.0,55855.0,1188288.0
2020-08-13,US_MN,690.0,7.0,491.0,15271.0,62993.0,1731.0,56346.0,1203559.0
2020-08-14,US_MN,730.0,8.0,313.0,16257.0,63723.0,1739.0,56659.0,1219816.0
2020-08-15,US_MN,690.0,6.0,798.0,17102.0,64413.0,1745.0,57457.0,1236918.0
2020-08-16,US_MN,739.0,7.0,739.0,17290.0,65152.0,1752.0,58196.0,1254208.0
2020-08-17,US_MN,564.0,6.0,663.0,12353.0,65716.0,1758.0,58859.0,1266561.0
2020-08-18,US_MN,345.0,9.0,709.0,6836.0,66061.0,1767.0,59568.0,1273397.0
2020-08-19,US_MN,557.0,17.0,674.0,34867.0,66618.0,1784.0,60242.0,1308264.0
2020-08-20,US_MN,690.0,7.0,363.0,13956.0,67308.0,1791.0,60605.0,1322220.0
2020-08-21,US_MN,825.0,8.0,315.0,18630.0,68133.0,1799.0,60920.0,1340850.0
2020-08-22,US_MN,734.0,8.0,778.0,16745.0,68867.0,1807.0,61698.0,1357595.0
2020-08-23,US_MN,717.0,6.0,675.0,16941.0,69584.0,1813.0,62373.0,1374536.0
2020-08-24,US_MN,714.0,4.0,686.0,11977.0,70298.0,1817.0,63059.0,1386513.0
2020-08-25,US_MN,409.0,8.0,666.0,8473.0,70707.0,1825.0,63725.0,1394986.0
2020-08-26,US_MN,529.0,17.0,649.0,11021.0,71236.0,1842.0,64374.0,1406007.0
2020-08-27,US_MN,1154.0,13.0,502.0,21340.0,72390.0,1855.0,64876.0,1427347.0
2020-08-28,US_MN,850.0,4.0,328.0,15997.0,73240.0,1859.0,65204.0,1443344.0
2020-08-29,US_MN,1017.0,4.0,903.0,17037.0,74257.0,1863.0,66107.0,1460381.0
2020-08-30,US_MN,932.0,2.0,809.0,18051.0,75189.0,1865.0,66916.0,1478432.0
2020-08-31,US_MN,675.0,1.0,740.0,11294.0,75864.0,1866.0,67656.0,1489726.0
2020-09-01,US_MN,491.0,6.0,832.0,9193.0,76355.0,1872.0,68488.0,1498919.0
2020-09-02,US_MN,730.0,10.0,1033.0,26636.0,77085.0,1882.0,69521.0,1525555.0
2020-09-03,US_MN,1038.0,7.0,654.0,14552.0,78123.0,1889.0,70175.0,1540107.0
2020-09-04,US_MN,843.0,10.0,362.0,18724.0,78966.0,1899.0,70537.0,1558831.0
2020-09-05,US_MN,914.0,4.0,970.0,18635.0,79880.0,1903.0,71507.0,1577466.0
2020-09-06,US_MN,707.0,6.0,956.0,17173.0,80587.0,1909.0,72463.0,1594639.0
2020-09-07,US_MN,638.0,3.0,940.0,14979.0,81225.0,1912.0,73403.0,1609618.0
2020-09-08,US_MN,383.0,2.0,832.0,7120.0,81608.0,1914.0,74235.0,1616738.0
2020-09-09,US_MN,260.0,7.0,820.0,4436.0,81868.0,1921.0,75055.0,1621174.0
2020-09-10,US_MN,381.0,15.0,370.0,25787.0,82249.0,1936.0,75425.0,1646961.0
2020-09-11,US_MN,467.0,13.0,332.0,18367.0,82716.0,1949.0,75757.0,1665328.0
2020-09-12,US_MN,872.0,9.0,893.0,19192.0,83588.0,1958.0,76650.0,1684520.0
2020-09-13,US_MN,723.0,13.0,811.0,22994.0,84311.0,1971.0,77461.0,1707514.0
2020-09-14,US_MN,638.0,3.0,777.0,17265.0,84949.0,1974.0,78238.0,1724779.0
2020-09-15,US_MN,402.0,5.0,715.0,8513.0,85351.0,1979.0,78953.0,1733292.0
2020-09-16,US_MN,462.0,6.0,630.0,10319.0,85813.0,1985.0,79583.0,1743611.0
2020-09-17,US_MN,909.0,9.0,295.0,20124.0,86722.0,1994.0,79878.0,1763735.0
2020-09-18,US_MN,1085.0,8.0,343.0,27945.0,87807.0,2002.0,80221.0,1791680.0
2020-09-19,US_MN,914.0,13.0,186.0,24094.0,88721.0,2015.0,80407.0,1815774.0
2020-09-20,US_MN,1296.0,2.0,929.0,22618.0,90017.0,2017.0,81336.0,1838392.0
2020-09-21,US_MN,925.0,4.0,838.0,16916.0,90942.0,2021.0,82174.0,1855308.0
2020-09-22,US_MN,480.0,10.0,659.0,8386.0,91422.0,2031.0,82833.0,1863694.0
2020-09-23,US_MN,678.0,6.0,674.0,10173.0,92100.0,2037.0,83507.0,1873867.0
2020-09-24,US_MN,912.0,3.0,355.0,21435.0,93012.0,2040.0,83862.0,1895302.0
2020-09-25,US_MN,1177.0,6.0,394.0,28718.0,94189.0,2046.0,84256.0,1924020.0
2020-09-26,US_MN,1470.0,10.0,1003.0,30695.0,95659.0,2056.0,85259.0,1954715.0
2020-09-27,US_MN,1075.0,4.0,993.0,26385.0,96734.0,2060.0,86252.0,1981100.0
2020-09-28,US_MN,904.0,7.0,1078.0,22015.0,97638.0,2067.0,87330.0,2003115.0
2020-09-29,US_MN,809.0,5.0,1050.0,14235.0,98447.0,2072.0,88380.0,2017350.0
2020-09-30,US_MN,687.0,17.0,1012.0,12817.0,99134.0,2089.0,89392.0,2030167.0
2020-10-01,US_MN,1066.0,13.0,588.0,25721.0,100200.0,2102.0,89980.0,2055888.0
2020-10-02,US_MN,1166.0,10.0,512.0,31075.0,101366.0,2112.0,90492.0,2086963.0
2020-10-03,US_MN,1421.0,14.0,1352.0,29075.0,102787.0,2126.0,91844.0,2116038.0
2020-10-04,US_MN,1039.0,7.0,1304.0,30373.0,103826.0,2133.0,93148.0,2146411.0
2020-10-05,US_MN,973.0,3.0,1268.0,23375.0,104799.0,2136.0,94416.0,2169786.0
2020-10-06,US_MN,941.0,4.0,1198.0,13184.0,105740.0,2140.0,95614.0,2182970.0
2020-10-07,US_MN,911.0,14.0,1002.0,12912.0,106651.0,2154.0,96616.0,2195882.0
2020-10-08,US_MN,1271.0,6.0,638.0,28312.0,107922.0,2160.0,97254.0,2224194.0
2020-10-09,US_MN,1390.0,14.0,461.0,31971.0,109312.0,2174.0,97715.0,2256165.0
2020-10-10,US_MN,1516.0,10.0,1339.0,32497.0,110828.0,2184.0,99054.0,2288662.0
2020-10-11,US_MN,1440.0,10.0,1117.0,30148.0,112268.0,2194.0,100171.0,2318810.0
2020-10-12,US_MN,1171.0,3.0,1205.0,18312.0,113439.0,2197.0,101376.0,2337122.0
2020-10-13,US_MN,1135.0,7.0,1248.0,18002.0,114574.0,2204.0,102624.0,2355124.0
2020-10-14,US_MN,1369.0,-24.0,1206.0,12220.0,115943.0,2180.0,103830.0,2367344.0
2020-10-15,US_MN,1163.0,19.0,717.0,19504.0,117106.0,2199.0,104547.0,2386848.0
2020-10-16,US_MN,2290.0,13.0,573.0,43703.0,119396.0,2212.0,105120.0,2430551.0
2020-10-17,US_MN,1694.0,5.0,1654.0,27720.0,121090.0,2217.0,106774.0,2458271.0
2020-10-18,US_MN,1722.0,17.0,1542.0,30947.0,122812.0,2234.0,108316.0,2489218.0
2020-10-19,US_MN,1627.0,5.0,1647.0,22177.0,124439.0,2239.0,109963.0,2511395.0
2020-10-20,US_MN,1092.0,7.0,1671.0,11604.0,125531.0,2246.0,111634.0,2522999.0
2020-10-21,US_MN,1060.0,35.0,1524.0,16377.0,126591.0,2281.0,113158.0,2539376.0
2020-10-22,US_MN,1561.0,20.0,818.0,25115.0,128152.0,2301.0,113976.0,2564491.0
2020-10-23,US_MN,1711.0,13.0,703.0,26434.0,129863.0,2314.0,114679.0,2590925.0
2020-10-24,US_MN,2259.0,14.0,2014.0,34465.0,132122.0,2328.0,116693.0,2625390.0
2020-10-25,US_MN,1680.0,21.0,1792.0,34933.0,133802.0,2349.0,118485.0,2660323.0
2020-10-26,US_MN,1570.0,4.0,1936.0,23691.0,135372.0,2353.0,120421.0,2684014.0
2020-10-27,US_MN,2164.0,15.0,1679.0,14099.0,137536.0,2368.0,122100.0,2698113.0
2020-10-28,US_MN,1908.0,19.0,1429.0,14964.0,139444.0,2387.0,123529.0,2713077.0
2020-10-29,US_MN,2867.0,32.0,850.0,29792.0,142311.0,2419.0,124379.0,2742869.0
2020-10-30,US_MN,3154.0,18.0,673.0,31826.0,145465.0,2437.0,125052.0,2774695.0
2020-10-31,US_MN,3007.0,20.0,2310.0,34438.0,148472.0,2457.0,127362.0,2809133.0
2020-11-01,US_MN,2200.0,18.0,2301.0,27094.0,150672.0,2475.0,129663.0,2836227.0
2020-11-02,US_MN,2948.0,9.0,2462.0,36536.0,153620.0,2484.0,132125.0,2872763.0
2020-11-03,US_MN,3476.0,15.0,2102.0,10975.0,157096.0,2499.0,134227.0,2883738.0
2020-11-04,US_MN,3827.0,31.0,2230.0,31199.0,160923.0,2530.0,136457.0,2914937.0
2020-11-05,US_MN,3942.0,25.0,1367.0,32216.0,164865.0,2555.0,137824.0,2947153.0
2020-11-06,US_MN,5442.0,36.0,1366.0,43812.0,170307.0,2591.0,139190.0,2990965.0
2020-11-07,US_MN,4647.0,34.0,3610.0,44429.0,174954.0,2625.0,142800.0,3035394.0
2020-11-08,US_MN,5908.0,31.0,3511.0,42572.0,180862.0,2656.0,146311.0,3077966.0
2020-11-09,US_MN,3926.0,19.0,3455.0,25468.0,184788.0,2675.0,149766.0,3103434.0
2020-11-10,US_MN,4893.0,23.0,3581.0,32562.0,189681.0,2698.0,153347.0,3135996.0
2020-11-11,US_MN,4889.0,56.0,3817.0,14112.0,194570.0,2754.0,157164.0,3150108.0
2020-11-12,US_MN,7225.0,39.0,2303.0,53217.0,201795.0,2793.0,159467.0,3203325.0
2020-11-13,US_MN,5544.0,46.0,2289.0,48226.0,207339.0,2839.0,161756.0,3251551.0
2020-11-14,US_MN,8689.0,35.0,5478.0,50948.0,216028.0,2874.0,167234.0,3302499.0
2020-11-15,US_MN,7553.0,31.0,5639.0,62036.0,223581.0,2905.0,172873.0,3364535.0
2020-11-16,US_MN,7437.0,12.0,6741.0,49157.0,231018.0,2917.0,179614.0,3413692.0
2020-11-17,US_MN,5931.0,26.0,7066.0,31555.0,236949.0,2943.0,186680.0,3445247.0
2020-11-18,US_MN,5094.0,67.0,7189.0,33677.0,242043.0,3010.0,193869.0,3478924.0
2020-11-19,US_MN,7863.0,72.0,4496.0,55821.0,249906.0,3082.0,198365.0,3534745.0
2020-11-20,US_MN,6794.0,68.0,4067.0,53812.0,256700.0,3150.0,202432.0,3588557.0
2020-11-21,US_MN,6252.0,51.0,9081.0,51620.0,262952.0,3201.0,211513.0,3640177.0
2020-11-22,US_MN,7205.0,40.0,8207.0,60166.0,270157.0,3241.0,219720.0,3700343.0
2020-11-23,US_MN,6343.0,24.0,7591.0,56434.0,276500.0,3265.0,227311.0,3756777.0
2020-11-24,US_MN,6416.0,38.0,6536.0,53199.0,282916.0,3303.0,233847.0,3809976.0
2020-11-25,US_MN,6387.0,72.0,6873.0,63086.0,289303.0,3375.0,240720.0,3873062.0
2020-11-26,US_MN,0.0,0.0,0.0,0.0,289303.0,3375.0,240720.0,3873062.0
2020-11-27,US_MN,5698.0,101.0,4262.0,49074.0,295001.0,3476.0,244982.0,3922136.0
2020-11-28,US_MN,9022.0,45.0,12503.0,105119.0,304023.0,3521.0,257485.0,4027255.0
2020-11-29,US_MN,8946.0,57.0,7738.0,89486.0,312969.0,3578.0,265223.0,4116741.0
2020-11-30,US_MN,5794.0,15.0,7385.0,39881.0,318763.0,3593.0,272608.0,4156622.0
2020-12-01,US_MN,3549.0,22.0,6932.0,23306.0,322312.0,3615.0,279540.0,4179928.0
2020-12-02,US_MN,5165.0,77.0,6679.0,38689.0,327477.0,3692.0,286219.0,4218617.0
2020-12-03,US_MN,6149.0,92.0,3800.0,48363.0,333626.0,3784.0,290019.0,4266980.0
2020-12-04,US_MN,5347.0,61.0,3132.0,55360.0,338973.0,3845.0,293151.0,4322340.0
2020-12-05,US_MN,6308.0,75.0,7930.0,48295.0,345281.0,3920.0,301081.0,4370635.0
2020-12-06,US_MN,5581.0,64.0,7137.0,61042.0,350862.0,3984.0,308218.0,4431677.0
2020-12-07,US_MN,5290.0,21.0,5920.0,62817.0,356152.0,4005.0,314138.0,4494494.0
2020-12-08,US_MN,3051.0,22.0,819.0,24557.0,359203.0,4027.0,314957.0,4519051.0
2020-12-09,US_MN,4516.0,82.0,5276.0,34754.0,363719.0,4109.0,320233.0,4553805.0
2020-12-10,US_MN,3499.0,89.0,4071.0,38303.0,367218.0,4198.0,324304.0,4592108.0
2020-12-11,US_MN,3750.0,94.0,3205.0,53097.0,370968.0,4292.0,327509.0,4645205.0
2020-12-12,US_MN,4430.0,67.0,7749.0,46554.0,375398.0,4359.0,335258.0,4691759.0
2020-12-13,US_MN,3425.0,85.0,6272.0,42785.0,378823.0,4444.0,341530.0,4734544.0
2020-12-14,US_MN,3018.0,18.0,5547.0,41965.0,381841.0,4462.0,347077.0,4776509.0
2020-12-15,US_MN,2323.0,21.0,4743.0,30809.0,384164.0,4483.0,351820.0,4807318.0
2020-12-16,US_MN,2248.0,92.0,4564.0,16534.0,386412.0,4575.0,356384.0,4823852.0
2020-12-17,US_MN,2759.0,83.0,2283.0,42028.0,389171.0,4658.0,358667.0,4865880.0
2020-12-18,US_MN,2718.0,65.0,2201.0,58047.0,391889.0,4723.0,360868.0,4923927.0
2020-12-19,US_MN,2746.0,57.0,4752.0,32967.0,394635.0,4780.0,365620.0,4956894.0
2020-12-20,US_MN,2684.0,70.0,4292.0,58261.0,397319.0,4850.0,369912.0,5015155.0
2020-12-21,US_MN,1992.0,22.0,3389.0,31810.0,399311.0,4872.0,373301.0,5046965.0
2020-12-22,US_MN,1700.0,24.0,3053.0,30010.0,401011.0,4896.0,376354.0,5076975.0
2020-12-23,US_MN,1508.0,75.0,3158.0,17828.0,402519.0,4971.0,379512.0,5094803.0
2020-12-24,US_MN,1884.0,79.0,1757.0,46859.0,404403.0,5050.0,381269.0,5141662.0
2020-12-25,US_MN,0.0,0.0,0.0,0.0,404403.0,5050.0,381269.0,5141662.0
2020-12-26,US_MN,2142.0,57.0,1436.0,45364.0,406545.0,5107.0,382705.0,5187026.0
2020-12-27,US_MN,2516.0,40.0,6214.0,82728.0,409061.0,5147.0,388919.0,5269754.0
2020-12-28,US_MN,1077.0,13.0,2329.0,12110.0,410138.0,5160.0,391248.0,5281864.0
2020-12-29,US_MN,972.0,36.0,2258.0,6470.0,411110.0,5196.0,393506.0,5288334.0
2020-12-30,US_MN,1997.0,66.0,2173.0,20796.0,413107.0,5262.0,395679.0,5309130.0
2020-12-31,US_MN,2195.0,61.0,1401.0,42249.0,415302.0,5323.0,397080.0,5351379.0
2021-01-01,US_MN,0.0,0.0,0.0,0.0,415302.0,5323.0,397080.0,5351379.0
2021-01-02,US_MN,2530.0,54.0,1119.0,36557.0,417832.0,5377.0,398199.0,5387936.0
2021-01-03,US_MN,2712.0,53.0,5220.0,88260.0,420544.0,5430.0,403419.0,5476196.0
2021-01-04,US_MN,3144.0,13.0,2137.0,8655.0,423688.0,5443.0,405556.0,5484851.0
2021-01-05,US_MN,1573.0,18.0,1111.0,14452.0,425261.0,5461.0,406667.0,5499303.0
2021-01-06,US_MN,2326.0,67.0,243.0,19875.0,427587.0,5528.0,406910.0,5519178.0
2021-01-07,US_MN,1983.0,44.0,1600.0,34673.0,429570.0,5572.0,408510.0,5553851.0
2021-01-08,US_MN,2374.0,48.0,1217.0,43881.0,431944.0,5620.0,409727.0,5597732.0
2021-01-09,US_MN,2469.0,43.0,2819.0,37849.0,434413.0,5663.0,412546.0,5635581.0
2021-01-10,US_MN,2159.0,44.0,2210.0,34806.0,436572.0,5707.0,414756.0,5670387.0
2021-01-11,US_MN,980.0,4.0,2249.0,16981.0,437552.0,5711.0,417005.0,5687368.0
2021-01-12,US_MN,1315.0,13.0,1605.0,27626.0,438867.0,5724.0,418610.0,5714994.0
2021-01-13,US_MN,1487.0,50.0,529.0,18984.0,440354.0,5774.0,419139.0,5733978.0
2021-01-14,US_MN,1581.0,43.0,1780.0,33345.0,441935.0,5817.0,420919.0,5767323.0
2021-01-15,US_MN,1627.0,33.0,1370.0,41027.0,443562.0,5850.0,422289.0,5808350.0
2021-01-16,US_MN,1485.0,37.0,2964.0,27757.0,445047.0,5887.0,425253.0,5836107.0
2021-01-17,US_MN,1333.0,40.0,2215.0,27111.0,446380.0,5927.0,427468.0,5863218.0
2021-01-18,US_MN,969.0,12.0,1857.0,19999.0,447349.0,5939.0,429325.0,5883217.0
2021-01-19,US_MN,919.0,6.0,1771.0,12684.0,448268.0,5945.0,431096.0,5895901.0
2021-01-20,US_MN,1224.0,34.0,1642.0,14453.0,449492.0,5979.0,432738.0,5910354.0
2021-01-21,US_MN,1270.0,32.0,984.0,35428.0,450762.0,6011.0,433722.0,5945782.0
2021-01-22,US_MN,1506.0,21.0,793.0,39150.0,452268.0,6032.0,434515.0,5984932.0
2021-01-23,US_MN,1540.0,31.0,2029.0,39240.0,453808.0,6063.0,436544.0,6024172.0
2021-01-24,US_MN,1181.0,32.0,1283.0,28051.0,454989.0,6095.0,437827.0,6052223.0
2021-01-25,US_MN,794.0,3.0,1456.0,19169.0,455783.0,6098.0,439283.0,6071392.0
2021-01-26,US_MN,707.0,8.0,1313.0,9512.0,456490.0,6106.0,440596.0,6080904.0
2021-01-27,US_MN,827.0,18.0,1144.0,15521.0,457317.0,6124.0,441740.0,6096425.0
2021-01-28,US_MN,1316.0,16.0,860.0,42429.0,458633.0,6140.0,442600.0,6138854.0
2021-01-29,US_MN,1114.0,28.0,653.0,42216.0,459747.0,6168.0,443253.0,6181070.0
2021-01-30,US_MN,1072.0,19.0,1529.0,29274.0,460819.0,6187.0,444782.0,6210344.0
2021-01-31,US_MN,988.0,13.0,1355.0,26296.0,461807.0,6200.0,446137.0,6236640.0
2021-02-01,US_MN,721.0,2.0,1283.0,19216.0,462528.0,6202.0,447420.0,6255856.0
2021-02-02,US_MN,604.0,8.0,1175.0,8980.0,463132.0,6210.0,448595.0,6264836.0
2021-02-03,US_MN,634.0,24.0,1112.0,16944.0,463766.0,6234.0,449707.0,6281780.0
2021-02-04,US_MN,1410.0,17.0,676.0,44313.0,465176.0,6251.0,450383.0,6326093.0
2021-02-05,US_MN,1048.0,22.0,541.0,34889.0,466224.0,6273.0,450924.0,6360982.0
2021-02-06,US_MN,993.0,16.0,1259.0,30774.0,467217.0,6289.0,452183.0,6391756.0
2021-02-07,US_MN,901.0,10.0,1042.0,23541.0,468118.0,6299.0,453225.0,6415297.0
2021-02-08,US_MN,564.0,3.0,1065.0,17843.0,468682.0,6302.0,454290.0,6433140.0
2021-02-09,US_MN,572.0,6.0,990.0,9373.0,469254.0,6308.0,455280.0,6442513.0
2021-02-10,US_MN,651.0,11.0,964.0,16740.0,469905.0,6319.0,456244.0,6459253.0
2021-02-11,US_MN,898.0,24.0,605.0,37998.0,470803.0,6343.0,456849.0,6497251.0
2021-02-12,US_MN,1048.0,19.0,510.0,38467.0,471851.0,6362.0,457359.0,6535718.0
2021-02-13,US_MN,940.0,7.0,1133.0,27770.0,472791.0,6369.0,458492.0,6563488.0
2021-02-14,US_MN,776.0,7.0,1033.0,22993.0,473567.0,6376.0,459525.0,6586481.0
2021-02-15,US_MN,602.0,2.0,1012.0,17423.0,474169.0,6378.0,460537.0,6603904.0
2021-02-16,US_MN,452.0,2.0,869.0,7852.0,474621.0,6380.0,461406.0,6611756.0
2021-02-17,US_MN,758.0,10.0,1096.0,18370.0,475379.0,6390.0,462502.0,6630126.0
2021-02-18,US_MN,913.0,14.0,539.0,31623.0,476292.0,6404.0,463041.0,6661749.0
2021-02-19,US_MN,995.0,8.0,413.0,39244.0,477287.0,6412.0,463454.0,6700993.0
2021-02-20,US_MN,870.0,11.0,1050.0,28269.0,478157.0,6423.0,464504.0,6729262.0
2021-02-21,US_MN,879.0,9.0,878.0,25448.0,479036.0,6432.0,465382.0,6754710.0
2021-02-22,US_MN,555.0,1.0,929.0,16478.0,479591.0,6433.0,466311.0,6771188.0
2021-02-23,US_MN,500.0,1.0,836.0,8425.0,480091.0,6434.0,467147.0,6779613.0
2021-02-24,US_MN,754.0,9.0,822.0,6168.0,480845.0,6443.0,467969.0,6785781.0
2021-02-25,US_MN,986.0,7.0,529.0,45708.0,481831.0,6450.0,468498.0,6831489.0
2021-02-26,US_MN,1147.0,12.0,651.0,35422.0,482978.0,6462.0,469149.0,6866911.0
2021-02-27,US_MN,812.0,13.0,810.0,24763.0,483790.0,6475.0,469959.0,6891674.0
2021-02-28,US_MN,804.0,8.0,860.0,24903.0,484594.0,6483.0,470819.0,6916577.0
2021-03-01,US_MN,636.0,3.0,828.0,18160.0,485230.0,6486.0,471647.0,6934737.0
2021-03-02,US_MN,425.0,4.0,823.0,9255.0,485655.0,6490.0,472470.0,6943992.0
2021-03-03,US_MN,779.0,17.0,782.0,17007.0,486434.0,6507.0,473252.0,6960999.0
2021-03-04,US_MN,940.0,14.0,476.0,62827.0,487374.0,6521.0,473728.0,7023826.0
2021-03-05,US_MN,796.0,13.0,447.0,34207.0,488170.0,6534.0,474175.0,7058033.0
2021-03-06,US_MN,946.0,12.0,995.0,28026.0,489116.0,6546.0,475170.0,7086059.0
2021-03-07,US_MN,895.0,4.0,885.0,25369.0,490011.0,6550.0,476055.0,7111428.0
2021-03-08,US_MN,472.0,6.0,,,490551.0,6624.0,,
2021-03-09,US_MN,1625.0,140.0,,,492176.0,6764.0,,
2021-03-10,US_MN,905.0,9.0,,,493081.0,6773.0,,
2021-03-11,US_MN,1093.0,19.0,,,494174.0,6792.0,,
2021-03-12,US_MN,1102.0,13.0,,,495276.0,6805.0,,
2021-03-13,US_MN,1187.0,4.0,,,496463.0,6809.0,,
2021-03-14,US_MN,997.0,5.0,,,497460.0,6814.0,,
2021-03-15,US_MN,826.0,1.0,,,498286.0,6815.0,,
2021-03-16,US_MN,708.0,2.0,,,498994.0,6817.0,,
2021-03-17,US_MN,1036.0,7.0,,,500030.0,6824.0,,
2021-03-18,US_MN,1496.0,6.0,,,501526.0,6830.0,,
2021-03-19,US_MN,1435.0,9.0,,,502961.0,6839.0,,
2021-03-20,US_MN,1380.0,6.0,,,504341.0,6845.0,,
2021-03-21,US_MN,951.0,5.0,,,505292.0,6850.0,,
2021-03-22,US_MN,1152.0,0.0,,,506444.0,6850.0,,
2021-03-23,US_MN,855.0,7.0,,,507299.0,6857.0,,
2021-03-24,US_MN,1310.0,9.0,,,508609.0,6866.0,,
2021-03-25,US_MN,1867.0,26.0,,,510476.0,6892.0,,
2021-03-26,US_MN,1699.0,7.0,,,512175.0,6899.0,,
2021-03-27,US_MN,1736.0,4.0,,,513911.0,6903.0,,
2021-03-28,US_MN,1225.0,5.0,,,515136.0,6908.0,,
2021-03-29,US_MN,1550.0,5.0,,,516686.0,6913.0,,
2021-03-30,US_MN,1273.0,1.0,,,517959.0,6914.0,,
2021-03-31,US_MN,1648.0,12.0,,,519607.0,6926.0,,
2021-04-01,US_MN,2138.0,12.0,,,521745.0,6938.0,,
2021-04-02,US_MN,2536.0,4.0,,,524281.0,6942.0,,
2021-04-03,US_MN,2064.0,11.0,,,526345.0,6953.0,,
2021-04-04,US_MN,0.0,0.0,,,526345.0,6953.0,,
2021-04-05,US_MN,1383.0,10.0,,,527728.0,6963.0,,
2021-04-06,US_MN,3012.0,4.0,,,530740.0,6967.0,,
2021-04-07,US_MN,1996.0,19.0,,,532736.0,6986.0,,
2021-04-08,US_MN,2524.0,14.0,,,535260.0,7000.0,,
2021-04-09,US_MN,2646.0,10.0,,,537906.0,7010.0,,
2021-04-10,US_MN,2449.0,12.0,,,540355.0,7022.0,,
2021-04-11,US_MN,1776.0,13.0,,,542131.0,7035.0,,
2021-04-12,US_MN,1993.0,2.0,,,544124.0,7037.0,,
2021-04-13,US_MN,1358.0,3.0,,,545482.0,7040.0,,
2021-04-14,US_MN,1697.0,16.0,,,547179.0,7056.0,,
2021-04-15,US_MN,2729.0,11.0,,,549908.0,7067.0,,
2021-04-16,US_MN,2287.0,6.0,,,552195.0,7073.0,,
2021-04-17,US_MN,2419.0,10.0,,,554614.0,7083.0,,
2021-04-18,US_MN,1845.0,15.0,,,556459.0,7098.0,,
2021-04-19,US_MN,1284.0,6.0,,,557743.0,7104.0,,
2021-04-20,US_MN,1185.0,5.0,,,558928.0,7109.0,,
2021-04-21,US_MN,1600.0,13.0,,,560528.0,7122.0,,
2021-04-22,US_MN,1970.0,10.0,,,562498.0,7132.0,,
2021-04-23,US_MN,2164.0,10.0,,,564662.0,7142.0,,
2021-04-24,US_MN,2103.0,8.0,,,566765.0,7150.0,,
2021-04-25,US_MN,1556.0,7.0,,,568321.0,7157.0,,
2021-04-26,US_MN,1197.0,0.0,,,569518.0,7157.0,,
2021-04-27,US_MN,1078.0,12.0,,,570596.0,7169.0,,
2021-04-28,US_MN,1507.0,22.0,,,572103.0,7191.0,,
2021-04-29,US_MN,1928.0,30.0,,,574031.0,7221.0,,
2021-04-30,US_MN,1874.0,16.0,,,575905.0,7237.0,,
2021-05-01,US_MN,1712.0,10.0,,,577617.0,7247.0,,
2021-05-02,US_MN,1711.0,6.0,,,579328.0,7253.0,,
2021-05-03,US_MN,1105.0,3.0,,,580433.0,7256.0,,
2021-05-04,US_MN,995.0,11.0,,,581428.0,7267.0,,
2021-05-05,US_MN,1241.0,17.0,,,582669.0,7284.0,,
2021-05-06,US_MN,1651.0,13.0,,,584320.0,7297.0,,
2021-05-07,US_MN,1450.0,12.0,,,585770.0,7309.0,,
2021-05-08,US_MN,1282.0,8.0,,,587052.0,7317.0,,
2021-05-09,US_MN,803.0,7.0,,,587855.0,7324.0,,
2021-05-10,US_MN,1190.0,0.0,,,589045.0,7324.0,,
2021-05-11,US_MN,575.0,9.0,,,589620.0,7333.0,,
2021-05-12,US_MN,909.0,15.0,,,590529.0,7348.0,,
2021-05-13,US_MN,1009.0,19.0,,,591538.0,7367.0,,
2021-05-14,US_MN,1305.0,9.0,,,592843.0,7376.0,,
2021-05-15,US_MN,872.0,3.0,,,593715.0,7379.0,,
2021-05-16,US_MN,805.0,10.0,,,594520.0,7389.0,,
2021-05-17,US_MN,589.0,0.0,,,595109.0,7389.0,,
2021-05-18,US_MN,516.0,14.0,,,595625.0,7403.0,,
2021-05-19,US_MN,654.0,15.0,,,596279.0,7418.0,,
2021-05-20,US_MN,866.0,8.0,,,597145.0,7426.0,,
2021-05-21,US_MN,679.0,21.0,,,597824.0,7447.0,,
2021-05-22,US_MN,596.0,9.0,,,598420.0,7456.0,,
2021-05-23,US_MN,439.0,7.0,,,598859.0,7463.0,,
2021-05-24,US_MN,468.0,0.0,,,599327.0,7463.0,,
2021-05-25,US_MN,243.0,11.0,,,599570.0,7474.0,,
2021-05-26,US_MN,432.0,12.0,,,600002.0,7486.0,,
2021-05-27,US_MN,499.0,10.0,,,600501.0,7496.0,,
2021-05-28,US_MN,359.0,5.0,,,600860.0,7501.0,,
2021-05-29,US_MN,338.0,10.0,,,601198.0,7511.0,,
2021-05-30,US_MN,279.0,8.0,,,601477.0,7519.0,,
2021-05-31,US_MN,0.0,0.0,,,601477.0,7519.0,,
2021-06-01,US_MN,133.0,1.0,,,601610.0,7520.0,,
2021-06-02,US_MN,128.0,0.0,,,601738.0,7520.0,,
2021-06-03,US_MN,236.0,10.0,,,601974.0,7530.0,,
2021-06-04,US_MN,253.0,8.0,,,602227.0,7538.0,,
2021-06-05,US_MN,294.0,16.0,,,602521.0,7554.0,,
2021-06-06,US_MN,258.0,4.0,,,602779.0,7558.0,,
2021-06-07,US_MN,194.0,2.0,,,602973.0,7560.0,,
2021-06-08,US_MN,125.0,2.0,,,603098.0,7562.0,,
2021-06-09,US_MN,139.0,8.0,,,603237.0,7570.0,,
2021-06-10,US_MN,161.0,7.0,,,603398.0,7577.0,,
2021-06-11,US_MN,161.0,12.0,,,603559.0,7589.0,,
2021-06-12,US_MN,148.0,7.0,,,603707.0,7596.0,,
2021-06-13,US_MN,146.0,9.0,,,603853.0,7605.0,,
2021-06-14,US_MN,116.0,5.0,,,603969.0,7610.0,,
2021-06-15,US_MN,90.0,1.0,,,604059.0,7611.0,,
2021-06-16,US_MN,86.0,5.0,,,604145.0,7616.0,,
2021-06-17,US_MN,132.0,4.0,,,604277.0,7620.0,,
2021-06-18,US_MN,107.0,4.0,,,604384.0,7624.0,,
2021-06-19,US_MN,115.0,5.0,,,604499.0,7629.0,,
2021-06-20,US_MN,103.0,9.0,,,604602.0,7638.0,,
2021-06-21,US_MN,99.0,4.0,,,604701.0,7642.0,,
2021-06-22,US_MN,79.0,1.0,,,604780.0,7643.0,,
2021-06-23,US_MN,71.0,5.0,,,604851.0,7648.0,,
2021-06-24,US_MN,121.0,6.0,,,604972.0,7654.0,,
2021-06-25,US_MN,92.0,11.0,,,605064.0,7665.0,,
2021-06-26,US_MN,69.0,6.0,,,605133.0,7671.0,,
2021-06-27,US_MN,97.0,4.0,,,605230.0,7675.0,,
2021-06-28,US_MN,81.0,5.0,,,605311.0,7680.0,,
2021-06-29,US_MN,79.0,0.0,,,605390.0,7680.0,,
2021-06-30,US_MN,68.0,7.0,,,605458.0,7687.0,,
2021-07-01,US_MN,83.0,5.0,,,605541.0,7692.0,,
2021-07-02,US_MN,101.0,6.0,,,605642.0,7698.0,,
2021-07-03,US_MN,111.0,5.0,,,605753.0,7703.0,,
2021-07-04,US_MN,0.0,0.0,,,605753.0,7703.0,,
2021-07-05,US_MN,0.0,0.0,,,605753.0,7703.0,,
2021-07-06,US_MN,143.0,5.0,,,605896.0,7708.0,,
2021-07-07,US_MN,231.0,0.0,,,606127.0,7708.0,,
2021-07-08,US_MN,124.0,2.0,,,606251.0,7710.0,,
2021-07-09,US_MN,139.0,5.0,,,606390.0,7715.0,,
2021-07-10,US_MN,0.0,0.0,,,606390.0,7715.0,,
2021-07-11,US_MN,0.0,0.0,,,606390.0,7715.0,,
2021-07-12,US_MN,187.0,2.0,,,606577.0,7717.0,,
2021-07-13,US_MN,386.0,3.0,,,606963.0,7720.0,,
2021-07-14,US_MN,199.0,3.0,,,607162.0,7723.0,,
2021-07-15,US_MN,209.0,2.0,,,607371.0,7725.0,,
2021-07-16,US_MN,246.0,3.0,,,607617.0,7728.0,,
2021-07-17,US_MN,0.0,0.0,,,607617.0,7728.0,,
2021-07-18,US_MN,0.0,0.0,,,607617.0,7728.0,,
2021-07-19,US_MN,260.0,3.0,,,607877.0,7731.0,,
2021-07-20,US_MN,621.0,1.0,,,608498.0,7732.0,,
2021-07-21,US_MN,273.0,5.0,,,608771.0,7737.0,,
2021-07-22,US_MN,338.0,4.0,,,609109.0,7741.0,,
2021-07-23,US_MN,371.0,2.0,,,609480.0,7743.0,,
2021-07-24,US_MN,0.0,0.0,,,609480.0,7743.0,,
2021-07-25,US_MN,0.0,0.0,,,609480.0,7743.0,,
2021-07-26,US_MN,423.0,3.0,,,609903.0,7746.0,,
2021-07-27,US_MN,1029.0,3.0,,,610932.0,7749.0,,
2021-07-28,US_MN,619.0,4.0,,,611551.0,7753.0,,
2021-07-29,US_MN,543.0,3.0,,,612094.0,7756.0,,
2021-07-30,US_MN,700.0,5.0,,,612794.0,7761.0,,
2021-07-31,US_MN,0.0,0.0,,,612794.0,7761.0,,
2021-08-01,US_MN,0.0,0.0,,,612794.0,7761.0,,
2021-08-02,US_MN,624.0,6.0,,,613418.0,7767.0,,
2021-08-03,US_MN,1665.0,4.0,,,615083.0,7771.0,,
2021-08-04,US_MN,933.0,5.0,,,616016.0,7776.0,,
2021-08-05,US_MN,861.0,5.0,,,616877.0,7781.0,,
2021-08-06,US_MN,1004.0,6.0,,,617881.0,7787.0,,
2021-08-07,US_MN,0.0,0.0,,,617881.0,7787.0,,
2021-08-08,US_MN,0.0,0.0,,,617881.0,7787.0,,
2021-08-09,US_MN,1118.0,4.0,,,618999.0,7791.0,,
2021-08-10,US_MN,1685.0,7.0,,,620684.0,7798.0,,
2021-08-11,US_MN,1625.0,10.0,,,622309.0,7808.0,,
2021-08-12,US_MN,1311.0,8.0,,,623620.0,7816.0,,
2021-08-13,US_MN,1324.0,6.0,,,624944.0,7822.0,,
2021-08-14,US_MN,0.0,0.0,,,624944.0,7822.0,,
2021-08-15,US_MN,0.0,0.0,,,624944.0,7822.0,,
2021-08-16,US_MN,1459.0,5.0,,,626403.0,7827.0,,
2021-08-17,US_MN,3044.0,3.0,,,629447.0,7830.0,,
2021-08-18,US_MN,1158.0,5.0,,,630605.0,7835.0,,
2021-08-19,US_MN,1346.0,8.0,,,631951.0,7843.0,,
2021-08-20,US_MN,1698.0,10.0,,,633649.0,7853.0,,
2021-08-21,US_MN,0.0,0.0,,,633649.0,7853.0,,
2021-08-22,US_MN,0.0,0.0,,,633649.0,7853.0,,
2021-08-23,US_MN,1666.0,7.0,,,635315.0,7860.0,,
2021-08-24,US_MN,3837.0,8.0,,,639152.0,7868.0,,
2021-08-25,US_MN,1400.0,7.0,,,640552.0,7875.0,,
2021-08-26,US_MN,1829.0,11.0,,,642381.0,7886.0,,
2021-08-27,US_MN,1902.0,6.0,,,644283.0,7892.0,,
2021-08-28,US_MN,0.0,0.0,,,644283.0,7892.0,,
2021-08-29,US_MN,0.0,0.0,,,644283.0,7892.0,,
2021-08-30,US_MN,1904.0,6.0,,,646187.0,7898.0,,
2021-08-31,US_MN,3870.0,6.0,,,650057.0,7904.0,,
2021-09-01,US_MN,1424.0,6.0,,,651481.0,7910.0,,
2021-09-02,US_MN,1900.0,22.0,,,653381.0,7932.0,,
2021-09-03,US_MN,2130.0,5.0,,,655511.0,7937.0,,
2021-09-04,US_MN,0.0,0.0,,,655511.0,7937.0,,
2021-09-05,US_MN,0.0,0.0,,,655511.0,7937.0,,
2021-09-06,US_MN,0.0,0.0,,,655511.0,7937.0,,
2021-09-07,US_MN,2074.0,12.0,,,657585.0,7949.0,,
2021-09-08,US_MN,5756.0,9.0,,,663341.0,7958.0,,
2021-09-09,US_MN,1211.0,9.0,,,664552.0,7967.0,,
2021-09-10,US_MN,2037.0,18.0,,,666589.0,7985.0,,
2021-09-11,US_MN,0.0,0.0,,,666589.0,7985.0,,
2021-09-12,US_MN,0.0,0.0,,,666589.0,7985.0,,
2021-09-13,US_MN,2680.0,11.0,,,669269.0,7996.0,,
2021-09-14,US_MN,4598.0,12.0,,,673867.0,8008.0,,
2021-09-15,US_MN,2731.0,41.0,,,676598.0,8049.0,,
2021-09-16,US_MN,2473.0,14.0,,,679071.0,8063.0,,
2021-09-17,US_MN,2635.0,13.0,,,681706.0,8076.0,,
2021-09-18,US_MN,0.0,0.0,,,681706.0,8076.0,,
2021-09-19,US_MN,0.0,0.0,,,681706.0,8076.0,,
2021-09-20,US_MN,2457.0,10.0,,,684163.0,8086.0,,
2021-09-21,US_MN,6321.0,18.0,,,690484.0,8104.0,,
2021-09-22,US_MN,1638.0,14.0,,,692122.0,8118.0,,
2021-09-23,US_MN,2291.0,24.0,,,694413.0,8142.0,,
2021-09-24,US_MN,2862.0,27.0,,,697275.0,8169.0,,
2021-09-25,US_MN,0.0,0.0,,,697275.0,8169.0,,
2021-09-26,US_MN,0.0,0.0,,,697275.0,8169.0,,
2021-09-27,US_MN,2784.0,22.0,,,700059.0,8191.0,,
2021-09-28,US_MN,6202.0,21.0,,,706261.0,8212.0,,
2021-09-29,US_MN,2062.0,31.0,,,708323.0,8243.0,,
2021-09-30,US_MN,2874.0,13.0,,,711197.0,8256.0,,
2021-10-01,US_MN,3696.0,17.0,,,714893.0,8273.0,,
2021-10-02,US_MN,0.0,0.0,,,714893.0,8273.0,,
2021-10-03,US_MN,0.0,0.0,,,714893.0,8273.0,,
2021-10-04,US_MN,3537.0,21.0,,,718430.0,8294.0,,
2021-10-05,US_MN,7134.0,22.0,,,725564.0,8316.0,,
2021-10-06,US_MN,3883.0,40.0,,,729447.0,8356.0,,
2021-10-07,US_MN,2667.0,32.0,,,732114.0,8388.0,,
2021-10-08,US_MN,3645.0,20.0,,,735759.0,8408.0,,
2021-10-09,US_MN,0.0,0.0,,,735759.0,8408.0,,
2021-10-10,US_MN,0.0,0.0,,,735759.0,8408.0,,
2021-10-11,US_MN,3197.0,25.0,,,738956.0,8433.0,,
2021-10-12,US_MN,7936.0,21.0,,,746892.0,8454.0,,
2021-10-13,US_MN,2376.0,24.0,,,749268.0,8478.0,,
2021-10-14,US_MN,2916.0,25.0,,,752184.0,8503.0,,
2021-10-15,US_MN,3341.0,28.0,,,755525.0,8531.0,,
2021-10-16,US_MN,0.0,0.0,,,755525.0,8531.0,,
2021-10-17,US_MN,0.0,0.0,,,755525.0,8531.0,,
2021-10-18,US_MN,2851.0,29.0,,,758376.0,8560.0,,
2021-10-19,US_MN,5663.0,21.0,,,764039.0,8581.0,,
2021-10-20,US_MN,1846.0,32.0,,,765885.0,8613.0,,
2021-10-21,US_MN,2351.0,26.0,,,768236.0,8639.0,,
2021-10-22,US_MN,2134.0,22.0,,,770370.0,8661.0,,
2021-10-23,US_MN,0.0,0.0,,,770370.0,8661.0,,
2021-10-24,US_MN,0.0,0.0,,,770370.0,8661.0,,
2021-10-25,US_MN,2981.0,22.0,,,773351.0,8683.0,,
2021-10-26,US_MN,6522.0,22.0,,,779873.0,8705.0,,
2021-10-27,US_MN,1799.0,31.0,,,781672.0,8736.0,,
2021-10-28,US_MN,2685.0,41.0,,,784357.0,8777.0,,
2021-10-29,US_MN,3317.0,16.0,,,787674.0,8793.0,,
2021-10-30,US_MN,0.0,0.0,,,787674.0,8793.0,,
2021-10-31,US_MN,0.0,0.0,,,787674.0,8793.0,,
2021-11-01,US_MN,10434.0,25.0,,,798108.0,8818.0,,
2021-11-02,US_MN,7031.0,24.0,,,805139.0,8842.0,,
2021-11-03,US_MN,2941.0,43.0,,,808080.0,8885.0,,
2021-11-04,US_MN,3698.0,32.0,,,811778.0,8917.0,,
2021-11-05,US_MN,3354.0,35.0,,,815132.0,8952.0,,
2021-11-06,US_MN,0.0,0.0,,,815132.0,8952.0,,
2021-11-07,US_MN,0.0,0.0,,,815132.0,8952.0,,
2021-11-08,US_MN,4231.0,34.0,,,819363.0,8986.0,,
2021-11-09,US_MN,7165.0,20.0,,,826528.0,9006.0,,
2021-11-10,US_MN,5265.0,43.0,,,831793.0,9049.0,,
2021-11-11,US_MN,5118.0,43.0,,,836911.0,9092.0,,
2021-11-12,US_MN,4838.0,28.0,,,841749.0,9120.0,,
2021-11-13,US_MN,0.0,0.0,,,841749.0,9120.0,,
2021-11-14,US_MN,0.0,0.0,,,841749.0,9120.0,,
2021-11-15,US_MN,5262.0,0.0,,,847011.0,9120.0,,
2021-11-16,US_MN,10904.0,51.0,,,857915.0,9171.0,,
2021-11-17,US_MN,3444.0,46.0,,,861359.0,9217.0,,
2021-11-18,US_MN,4820.0,32.0,,,866179.0,9249.0,,
2021-11-19,US_MN,5148.0,30.0,,,871327.0,9279.0,,
2021-11-20,US_MN,0.0,0.0,,,871327.0,9279.0,,
2021-11-21,US_MN,0.0,0.0,,,871327.0,9279.0,,
2021-11-22,US_MN,4714.0,37.0,,,876041.0,9316.0,,
2021-11-23,US_MN,11451.0,37.0,,,887492.0,9353.0,,
2021-11-24,US_MN,3731.0,53.0,,,891223.0,9406.0,,
2021-11-25,US_MN,0.0,0.0,,,891223.0,9406.0,,
2021-11-26,US_MN,4130.0,56.0,,,895353.0,9462.0,,
2021-11-27,US_MN,0.0,0.0,,,895353.0,9462.0,,
2021-11-28,US_MN,0.0,0.0,,,895353.0,9462.0,,
2021-11-29,US_MN,4510.0,44.0,,,899863.0,9506.0,,
2021-11-30,US_MN,12631.0,0.0,,,912494.0,9506.0,,
2021-12-01,US_MN,3572.0,100.0,,,916066.0,9606.0,,
2021-12-02,US_MN,5307.0,72.0,,,921373.0,9678.0,,
2021-12-03,US_MN,5682.0,62.0,,,927055.0,9740.0,,
2021-12-04,US_MN,0.0,0.0,,,927055.0,9740.0,,
2021-12-05,US_MN,0.0,0.0,,,927055.0,9740.0,,
2021-12-06,US_MN,6094.0,38.0,,,933149.0,9778.0,,
2021-12-07,US_MN,12420.0,45.0,,,945569.0,9823.0,,
2021-12-08,US_MN,3045.0,75.0,,,948614.0,9898.0,,
2021-12-09,US_MN,3742.0,40.0,,,952356.0,9938.0,,
2021-12-10,US_MN,4547.0,58.0,,,956903.0,9996.0,,
2021-12-11,US_MN,0.0,0.0,,,956903.0,9996.0,,
2021-12-12,US_MN,0.0,0.0,,,956903.0,9996.0,,
2021-12-13,US_MN,3646.0,46.0,,,960549.0,10042.0,,
2021-12-14,US_MN,9025.0,46.0,,,969574.0,10088.0,,
2021-12-15,US_MN,2217.0,54.0,,,971791.0,10142.0,,
2021-12-16,US_MN,3780.0,39.0,,,975571.0,10181.0,,
2021-12-17,US_MN,3836.0,54.0,,,979407.0,10235.0,,
2021-12-18,US_MN,0.0,0.0,,,979407.0,10235.0,,
2021-12-19,US_MN,0.0,0.0,,,979407.0,10235.0,,
2021-12-20,US_MN,3381.0,45.0,,,982788.0,10280.0,,
2021-12-21,US_MN,7383.0,41.0,,,990171.0,10321.0,,
2021-12-22,US_MN,2804.0,57.0,,,992975.0,10378.0,,
2021-12-23,US_MN,3383.0,62.0,,,996358.0,10440.0,,
2021-12-24,US_MN,0.0,0.0,,,996358.0,10440.0,,
2021-12-25,US_MN,0.0,0.0,,,996358.0,10440.0,,
2021-12-26,US_MN,0.0,0.0,,,996358.0,10440.0,,
2021-12-27,US_MN,4137.0,53.0,,,1000495.0,10493.0,,
2021-12-28,US_MN,9864.0,40.0,,,1010359.0,10533.0,,
2021-12-29,US_MN,5210.0,69.0,,,1015569.0,10602.0,,
2021-12-30,US_MN,6783.0,54.0,,,1022352.0,10656.0,,
2021-12-31,US_MN,0.0,0.0,,,1022352.0,10656.0,,
2022-01-01,US_MN,0.0,0.0,,,1022352.0,10656.0,,
2022-01-02,US_MN,0.0,0.0,,,1022352.0,10656.0,,
2022-01-03,US_MN,6774.0,48.0,,,1029126.0,10704.0,,
2022-01-04,US_MN,16184.0,36.0,,,1045310.0,10740.0,,
2022-01-05,US_MN,4140.0,71.0,,,1049450.0,10811.0,,
2022-01-06,US_MN,6926.0,62.0,,,1056376.0,10873.0,,
2022-01-07,US_MN,7829.0,33.0,,,1064205.0,10906.0,,
2022-01-08,US_MN,0.0,0.0,,,1064205.0,10906.0,,
2022-01-09,US_MN,0.0,0.0,,,1064205.0,10906.0,,
2022-01-10,US_MN,10963.0,44.0,,,1075168.0,10950.0,,
2022-01-11,US_MN,29466.0,28.0,,,1104634.0,10978.0,,
2022-01-12,US_MN,10704.0,49.0,,,1115338.0,11027.0,,
2022-01-13,US_MN,11499.0,52.0,,,1126837.0,11079.0,,
2022-01-14,US_MN,11549.0,32.0,,,1138386.0,11111.0,,
2022-01-15,US_MN,0.0,0.0,,,1138386.0,11111.0,,
2022-01-16,US_MN,0.0,0.0,,,1138386.0,11111.0,,
2022-01-17,US_MN,0.0,0.0,,,1138386.0,11111.0,,
2022-01-18,US_MN,10642.0,29.0,,,1149028.0,11140.0,,
2022-01-19,US_MN,44616.0,37.0,,,1193644.0,11177.0,,
2022-01-20,US_MN,11425.0,78.0,,,1205069.0,11255.0,,
2022-01-21,US_MN,11805.0,36.0,,,1216874.0,11291.0,,
2022-01-22,US_MN,0.0,0.0,,,1216874.0,11291.0,,
2022-01-23,US_MN,0.0,0.0,,,1216874.0,11291.0,,
2022-01-24,US_MN,12710.0,42.0,,,1229584.0,11333.0,,
2022-01-25,US_MN,35491.0,37.0,,,1265075.0,11370.0,,
2022-01-26,US_MN,15565.0,52.0,,,1280640.0,11422.0,,
2022-01-27,US_MN,14627.0,67.0,,,1295267.0,11489.0,,
2022-01-28,US_MN,14548.0,43.0,,,1309815.0,11532.0,,
2022-01-29,US_MN,0.0,0.0,,,1309815.0,11532.0,,
2022-01-30,US_MN,0.0,0.0,,,1309815.0,11532.0,,
2022-01-31,US_MN,12088.0,29.0,,,1321903.0,11561.0,,
2022-02-01,US_MN,21337.0,46.0,,,1343240.0,11607.0,,
2022-02-02,US_MN,3910.0,59.0,,,1347150.0,11666.0,,
2022-02-03,US_MN,5448.0,45.0,,,1352598.0,11711.0,,
2022-02-04,US_MN,6610.0,38.0,,,1359208.0,11749.0,,
2022-02-05,US_MN,0.0,0.0,,,1359208.0,11749.0,,
2022-02-06,US_MN,0.0,0.0,,,1359208.0,11749.0,,
2022-02-07,US_MN,5826.0,35.0,,,1365034.0,11784.0,,
2022-02-08,US_MN,10395.0,48.0,,,1375429.0,11832.0,,
2022-02-09,US_MN,3823.0,40.0,,,1379252.0,11872.0,,
2022-02-10,US_MN,4463.0,49.0,,,1383715.0,11921.0,,
2022-02-11,US_MN,4846.0,36.0,,,1388561.0,11957.0,,
2022-02-12,US_MN,0.0,0.0,,,1388561.0,11957.0,,
2022-02-13,US_MN,0.0,0.0,,,1388561.0,11957.0,,
2022-02-14,US_MN,4330.0,33.0,,,1392891.0,11990.0,,
2022-02-15,US_MN,6433.0,32.0,,,1399324.0,12022.0,,
2022-02-16,US_MN,1460.0,41.0,,,1400784.0,12063.0,,
2022-02-17,US_MN,1825.0,37.0,,,1402609.0,12100.0,,
2022-02-18,US_MN,2223.0,31.0,,,1404832.0,12131.0,,
2022-02-19,US_MN,0.0,0.0,,,1404832.0,12131.0,,
2022-02-20,US_MN,0.0,0.0,,,1404832.0,12131.0,,
2022-02-21,US_MN,0.0,0.0,,,1404832.0,12131.0,,
2022-02-22,US_MN,1992.0,32.0,,,1406824.0,12163.0,,
2022-02-23,US_MN,3929.0,26.0,,,1410753.0,12189.0,,
2022-02-24,US_MN,1020.0,57.0,,,1411773.0,12246.0,,
2022-02-25,US_MN,904.0,15.0,,,1412677.0,12261.0,,
2022-02-26,US_MN,0.0,0.0,,,1412677.0,12261.0,,
2022-02-27,US_MN,0.0,0.0,,,1412677.0,12261.0,,
2022-02-28,US_MN,1079.0,28.0,,,1413756.0,12289.0,,
2022-03-01,US_MN,2076.0,22.0,,,1415832.0,12311.0,,
2022-03-02,US_MN,539.0,21.0,,,1416371.0,12332.0,,
2022-03-03,US_MN,834.0,30.0,,,1417205.0,12362.0,,
2022-03-04,US_MN,796.0,11.0,,,1418001.0,12373.0,,
2022-03-05,US_MN,0.0,0.0,,,1418001.0,12373.0,,
2022-03-06,US_MN,0.0,0.0,,,1418001.0,12373.0,,
2022-03-07,US_MN,883.0,18.0,,,1418884.0,12391.0,,
2022-03-08,US_MN,1455.0,20.0,,,1420339.0,12411.0,,
2022-03-09,US_MN,571.0,17.0,,,1420910.0,12428.0,,
2022-03-10,US_MN,602.0,27.0,,,1421512.0,12455.0,,
2022-03-11,US_MN,557.0,9.0,,,1422069.0,12464.0,,
2022-03-12,US_MN,0.0,0.0,,,1422069.0,12464.0,,
2022-03-13,US_MN,0.0,0.0,,,1422069.0,12464.0,,
2022-03-14,US_MN,475.0,16.0,,,1422544.0,12480.0,,
2022-03-15,US_MN,471.0,9.0,,,1423015.0,12489.0,,
2022-03-16,US_MN,878.0,23.0,,,1423893.0,12512.0,,
2022-03-17,US_MN,424.0,10.0,,,1424317.0,12522.0,,
2022-03-18,US_MN,506.0,9.0,,,1424823.0,12531.0,,
2022-03-19,US_MN,0.0,0.0,,,1424823.0,12531.0,,
2022-03-20,US_MN,0.0,0.0,,,1424823.0,12531.0,,
2022-03-21,US_MN,419.0,7.0,,,1425242.0,12538.0,,
2022-03-22,US_MN,1024.0,12.0,,,1426266.0,12550.0,,
2022-03-23,US_MN,280.0,12.0,,,1426546.0,12562.0,,
2022-03-24,US_MN,461.0,20.0,,,1427007.0,12582.0,,
2022-03-25,US_MN,483.0,7.0,,,1427490.0,12589.0,,
2022-03-26,US_MN,0.0,0.0,,,1427490.0,12589.0,,
2022-03-27,US_MN,0.0,0.0,,,1427490.0,12589.0,,
2022-03-28,US_MN,464.0,13.0,,,1427954.0,12602.0,,
2022-03-29,US_MN,970.0,8.0,,,1428924.0,12610.0,,
2022-03-30,US_MN,347.0,11.0,,,1429271.0,12621.0,,
2022-03-31,US_MN,509.0,17.0,,,1429780.0,12638.0,,
2022-04-01,US_MN,539.0,2.0,,,1430319.0,12640.0,,
2022-04-02,US_MN,0.0,0.0,,,1430319.0,12640.0,,
2022-04-03,US_MN,0.0,0.0,,,1430319.0,12640.0,,
2022-04-04,US_MN,467.0,5.0,,,1430786.0,12645.0,,
2022-04-05,US_MN,1087.0,4.0,,,1431873.0,12649.0,,
2022-04-06,US_MN,369.0,20.0,,,1432242.0,12669.0,,
2022-04-07,US_MN,615.0,5.0,,,1432857.0,12674.0,,
2022-04-08,US_MN,608.0,6.0,,,1433465.0,12680.0,,
2022-04-09,US_MN,0.0,0.0,,,1433465.0,12680.0,,
2022-04-10,US_MN,0.0,0.0,,,1433465.0,12680.0,,
2022-04-11,US_MN,673.0,7.0,,,1434138.0,12687.0,,
2022-04-12,US_MN,1334.0,2.0,,,1435472.0,12689.0,,
2022-04-13,US_MN,682.0,5.0,,,1436154.0,12694.0,,
2022-04-14,US_MN,862.0,14.0,,,1437016.0,12708.0,,
2022-04-15,US_MN,872.0,6.0,,,1437888.0,12714.0,,
2022-04-16,US_MN,0.0,0.0,,,1437888.0,12714.0,,
2022-04-17,US_MN,0.0,0.0,,,1437888.0,12714.0,,
2022-04-18,US_MN,928.0,4.0,,,1438816.0,12718.0,,
2022-04-19,US_MN,1737.0,4.0,,,1440553.0,12722.0,,
2022-04-20,US_MN,986.0,17.0,,,1441539.0,12739.0,,
2022-04-21,US_MN,1117.0,3.0,,,1442656.0,12742.0,,
2022-04-22,US_MN,1463.0,10.0,,,1444119.0,12752.0,,
2022-04-23,US_MN,0.0,0.0,,,1444119.0,12752.0,,
2022-04-24,US_MN,0.0,0.0,,,1444119.0,12752.0,,
2022-04-25,US_MN,1158.0,1.0,,,1445277.0,12753.0,,
2022-04-26,US_MN,2558.0,1.0,,,1447835.0,12754.0,,
2022-04-27,US_MN,1374.0,15.0,,,1449209.0,12769.0,,
2022-04-28,US_MN,1636.0,4.0,,,1450845.0,12773.0,,
2022-04-29,US_MN,1972.0,5.0,,,1452817.0,12778.0,,
2022-04-30,US_MN,0.0,0.0,,,1452817.0,12778.0,,
2022-05-01,US_MN,0.0,0.0,,,1452817.0,12778.0,,
2022-05-02,US_MN,1731.0,3.0,,,1454548.0,12781.0,,
2022-05-03,US_MN,2500.0,1.0,,,1457048.0,12782.0,,
2022-05-04,US_MN,2577.0,13.0,,,1459625.0,12795.0,,
2022-05-05,US_MN,2277.0,6.0,,,1461902.0,12801.0,,
2022-05-06,US_MN,2333.0,4.0,,,1464235.0,12805.0,,
2022-05-07,US_MN,0.0,0.0,,,1464235.0,12805.0,,
2022-05-08,US_MN,0.0,0.0,,,1464235.0,12805.0,,
2022-05-09,US_MN,2660.0,4.0,,,1466895.0,12809.0,,
2022-05-10,US_MN,5116.0,5.0,,,1472011.0,12814.0,,
2022-05-11,US_MN,1800.0,12.0,,,1473811.0,12826.0,,
2022-05-12,US_MN,2612.0,11.0,,,1476423.0,12837.0,,
2022-05-13,US_MN,2914.0,12.0,,,1479337.0,12849.0,,
2022-05-14,US_MN,0.0,0.0,,,1479337.0,12849.0,,
2022-05-15,US_MN,0.0,0.0,,,1479337.0,12849.0,,
2022-05-16,US_MN,2580.0,4.0,,,1481917.0,12853.0,,
2022-05-17,US_MN,4581.0,6.0,,,1486498.0,12859.0,,
2022-05-18,US_MN,2127.0,16.0,,,1488625.0,12875.0,,
2022-05-19,US_MN,2120.0,9.0,,,1490745.0,12884.0,,
2022-05-20,US_MN,2418.0,3.0,,,1493163.0,12887.0,,
2022-05-21,US_MN,0.0,0.0,,,1493163.0,12887.0,,
2022-05-22,US_MN,0.0,0.0,,,1493163.0,12887.0,,
2022-05-23,US_MN,2146.0,9.0,,,1495309.0,12896.0,,
2022-05-24,US_MN,4029.0,5.0,,,1499338.0,12901.0,,
2022-05-25,US_MN,1528.0,19.0,,,1500866.0,12920.0,,
2022-05-26,US_MN,2162.0,9.0,,,1503028.0,12929.0,,
2022-05-27,US_MN,2264.0,9.0,,,1505292.0,12938.0,,
2022-05-28,US_MN,0.0,0.0,,,1505292.0,12938.0,,
2022-05-29,US_MN,0.0,0.0,,,1505292.0,12938.0,,
2022-05-30,US_MN,0.0,0.0,,,1505292.0,12938.0,,
2022-05-31,US_MN,2186.0,5.0,,,1507478.0,12943.0,,
2022-06-01,US_MN,1780.0,5.0,,,1509258.0,12948.0,,
2022-06-02,US_MN,4812.0,11.0,,,1514070.0,12959.0,,
2022-06-03,US_MN,1964.0,15.0,,,1516034.0,12974.0,,
2022-06-04,US_MN,0.0,0.0,,,1516034.0,12974.0,,
2022-06-05,US_MN,0.0,0.0,,,1516034.0,12974.0,,
2022-06-06,US_MN,2152.0,10.0,,,1518186.0,12984.0,,
2022-06-07,US_MN,4057.0,8.0,,,1522243.0,12992.0,,
2022-06-08,US_MN,1380.0,16.0,,,1523623.0,13008.0,,
2022-06-09,US_MN,1811.0,9.0,,,1525434.0,13017.0,,
2022-06-10,US_MN,2027.0,12.0,,,1527461.0,13029.0,,
2022-06-11,US_MN,0.0,0.0,,,1527461.0,13029.0,,
2022-06-12,US_MN,0.0,0.0,,,1527461.0,13029.0,,
2022-06-13,US_MN,1549.0,5.0,,,1529010.0,13034.0,,
2022-06-14,US_MN,3834.0,5.0,,,1532844.0,13039.0,,
2022-06-15,US_MN,1356.0,8.0,,,1534200.0,13047.0,,
2022-06-16,US_MN,1543.0,9.0,,,1535743.0,13056.0,,
2022-06-17,US_MN,1887.0,4.0,,,1537630.0,13060.0,,
2022-06-18,US_MN,0.0,0.0,,,1537630.0,13060.0,,
2022-06-19,US_MN,0.0,0.0,,,1537630.0,13060.0,,
2022-06-20,US_MN,0.0,0.0,,,1537630.0,13060.0,,
2022-06-21,US_MN,1531.0,5.0,,,1539161.0,13065.0,,
2022-06-22,US_MN,1572.0,7.0,,,1540733.0,13072.0,,
2022-06-23,US_MN,4589.0,24.0,,,1545322.0,13096.0,,
2022-06-24,US_MN,1697.0,5.0,,,1547019.0,13101.0,,
2022-06-25,US_MN,0.0,0.0,,,1547019.0,13101.0,,
2022-06-26,US_MN,0.0,0.0,,,1547019.0,13101.0,,
2022-06-27,US_MN,1510.0,4.0,,,1548529.0,13105.0,,
2022-06-28,US_MN,3351.0,8.0,,,1551880.0,13113.0,,
2022-06-29,US_MN,1281.0,14.0,,,1553161.0,13127.0,,
2022-06-30,US_MN,0.0,0.0,,,1553161.0,13127.0,,
2022-07-01,US_MN,0.0,0.0,,,1553161.0,13127.0,,
2022-07-02,US_MN,0.0,0.0,,,1553161.0,13127.0,,
2022-07-03,US_MN,0.0,0.0,,,1553161.0,13127.0,,
2022-07-04,US_MN,0.0,0.0,,,1553161.0,13127.0,,
2022-07-05,US_MN,0.0,0.0,,,1553161.0,13127.0,,
2022-07-06,US_MN,0.0,0.0,,,1553161.0,13127.0,,
2022-07-07,US_MN,8326.0,34.0,,,1561487.0,13161.0,,
2022-07-08,US_MN,0.0,0.0,,,1561487.0,13161.0,,
2022-07-09,US_MN,0.0,0.0,,,1561487.0,13161.0,,
2022-07-10,US_MN,0.0,0.0,,,1561487.0,13161.0,,
2022-07-11,US_MN,0.0,0.0,,,1561487.0,13161.0,,
2022-07-12,US_MN,0.0,0.0,,,1561487.0,13161.0,,
2022-07-13,US_MN,0.0,0.0,,,1561487.0,13161.0,,
2022-07-14,US_MN,9521.0,44.0,,,1571008.0,13205.0,,
2022-07-15,US_MN,0.0,0.0,,,1571008.0,13205.0,,
2022-07-16,US_MN,0.0,0.0,,,1571008.0,13205.0,,
2022-07-17,US_MN,0.0,0.0,,,1571008.0,13205.0,,
2022-07-18,US_MN,0.0,0.0,,,1571008.0,13205.0,,
2022-07-19,US_MN,0.0,0.0,,,1571008.0,13205.0,,
2022-07-20,US_MN,0.0,0.0,,,1571008.0,13205.0,,
2022-07-21,US_MN,9500.0,37.0,,,1580508.0,13242.0,,
2022-07-22,US_MN,0.0,0.0,,,1580508.0,13242.0,,
2022-07-23,US_MN,0.0,0.0,,,1580508.0,13242.0,,
2022-07-24,US_MN,0.0,0.0,,,1580508.0,13242.0,,
2022-07-25,US_MN,0.0,0.0,,,1580508.0,13242.0,,
2022-07-26,US_MN,0.0,0.0,,,1580508.0,13242.0,,
2022-07-27,US_MN,0.0,0.0,,,1580508.0,13242.0,,
2022-07-28,US_MN,10056.0,51.0,,,1590564.0,13293.0,,
2022-07-29,US_MN,0.0,0.0,,,1590564.0,13293.0,,
2022-07-30,US_MN,0.0,0.0,,,1590564.0,13293.0,,
2022-07-31,US_MN,0.0,0.0,,,1590564.0,13293.0,,
2022-08-01,US_MN,0.0,0.0,,,1590564.0,13293.0,,
2022-08-02,US_MN,0.0,0.0,,,1590564.0,13293.0,,
2022-08-03,US_MN,0.0,0.0,,,1590564.0,13293.0,,
2022-08-04,US_MN,10442.0,27.0,,,1601006.0,13320.0,,
2022-08-05,US_MN,0.0,0.0,,,1601006.0,13320.0,,
2022-08-06,US_MN,0.0,0.0,,,1601006.0,13320.0,,
2022-08-07,US_MN,0.0,0.0,,,1601006.0,13320.0,,
2022-08-08,US_MN,0.0,0.0,,,1601006.0,13320.0,,
2022-08-09,US_MN,0.0,0.0,,,1601006.0,13320.0,,
2022-08-10,US_MN,0.0,0.0,,,1601006.0,13320.0,,
2022-08-11,US_MN,10240.0,42.0,,,1611246.0,13362.0,,
2022-08-12,US_MN,0.0,0.0,,,1611246.0,13362.0,,
2022-08-13,US_MN,0.0,0.0,,,1611246.0,13362.0,,
2022-08-14,US_MN,0.0,0.0,,,1611246.0,13362.0,,
2022-08-15,US_MN,0.0,0.0,,,1611246.0,13362.0,,
2022-08-16,US_MN,0.0,0.0,,,1611246.0,13362.0,,
2022-08-17,US_MN,0.0,0.0,,,1611246.0,13362.0,,
2022-08-18,US_MN,9948.0,31.0,,,1621194.0,13393.0,,
2022-08-19,US_MN,0.0,0.0,,,1621194.0,13393.0,,
2022-08-20,US_MN,0.0,0.0,,,1621194.0,13393.0,,
2022-08-21,US_MN,0.0,0.0,,,1621194.0,13393.0,,
2022-08-22,US_MN,0.0,0.0,,,1621194.0,13393.0,,
2022-08-23,US_MN,0.0,0.0,,,1621194.0,13393.0,,
2022-08-24,US_MN,0.0,0.0,,,1621194.0,13393.0,,
2022-08-25,US_MN,9625.0,36.0,,,1630819.0,13429.0,,
2022-08-26,US_MN,0.0,0.0,,,1630819.0,13429.0,,
2022-08-27,US_MN,0.0,0.0,,,1630819.0,13429.0,,
2022-08-28,US_MN,0.0,0.0,,,1630819.0,13429.0,,
2022-08-29,US_MN,0.0,0.0,,,1630819.0,13429.0,,
2022-08-30,US_MN,0.0,0.0,,,1630819.0,13429.0,,
2022-08-31,US_MN,0.0,0.0,,,1630819.0,13429.0,,
2022-09-01,US_MN,8394.0,42.0,,,1639213.0,13471.0,,
2022-09-02,US_MN,0.0,0.0,,,1639213.0,13471.0,,
2022-09-03,US_MN,0.0,0.0,,,1639213.0,13471.0,,
2022-09-04,US_MN,0.0,0.0,,,1639213.0,13471.0,,
2022-09-05,US_MN,0.0,0.0,,,1639213.0,13471.0,,
2022-09-06,US_MN,0.0,0.0,,,1639213.0,13471.0,,
2022-09-07,US_MN,0.0,0.0,,,1639213.0,13471.0,,
2022-09-08,US_MN,6440.0,38.0,,,1645653.0,13509.0,,
2022-09-09,US_MN,0.0,0.0,,,1645653.0,13509.0,,
2022-09-10,US_MN,0.0,0.0,,,1645653.0,13509.0,,
2022-09-11,US_MN,0.0,0.0,,,1645653.0,13509.0,,
2022-09-12,US_MN,0.0,0.0,,,1645653.0,13509.0,,
2022-09-13,US_MN,0.0,0.0,,,1645653.0,13509.0,,
2022-09-14,US_MN,0.0,0.0,,,1645653.0,13509.0,,
2022-09-15,US_MN,6346.0,49.0,,,1651999.0,13558.0,,
